Title;Rating;Image;Demography;Genres;Year;List
Masamune-kun no Revenge: After School;6.67/10;https://otakuteca.com/images/books/cover/60f4effc37fb9.jpg;Shounen;Comedia, Drama, Ecchi, Harem, Romance, Vida Escolar;2018 - 2019;Leido
Namae no Nai Kaibutsu;8.63/10;https://otakuteca.com/images/books/cover/6312c2cbec5b8.jpg;Seinen;Gore, Horror, Romance, Sobrenatural;2018 - 2021;Leido
About the Reckless Girl Who Kept Challenging a Reborn Man Like Me;0.00/10;https://otakuteca.com/images/books/cover/39735_TMOManga5b1f2bb68f438.jpg;Shounen;Reencarnación, Romance, Vida Escolar;2017;Leido
Aizawa-san Zoushoku;7.80/10;https://otakuteca.com/images/books/cover/635196d97aac6.jpg;Shounen;Comedia, Ecchi, Sobrenatural, Romance, Ciencia Ficción, Harem, Vida Escolar;2013;Leido
Akairo Crossroads;9.06/10;https://otakuteca.com/images/books/cover/5b7a464af08f4.jpg;Shoujo;Comedia, Vida Escolar, Sobrenatural, Romance, Drama;2016 - 2018;Leido
Akarui Sekai Keikaku;7.50/10;https://otakuteca.com/images/books/cover/634e489ac89fb.jpg;Shounen;Acción, Comedia, Ecchi, Romance, Harem, Vida Escolar;2012;Leido
Bleach;7.42/10;https://otakuteca.com/images/books/cover/5db9f8167ed7c.jpg;Shounen;Acción, Comedia, Samurái, Sobrenatural;2001 - 2016;Leido
Bocchi na Bokura no Renai Jijou;8.50/10;https://otakuteca.com/images/books/cover/634f4f99dccff.jpg;Shounen;Comedia, Drama, Recuentos de la vida, Romance, Vida Escolar;2013;Leido
Boku wa Nando Demo, Kimi ni Hajimete no Koi wo Suru;6.50/10;https://otakuteca.com/images/books/cover/634e244844a86.jpg;Shounen;Drama, Romance, Recuentos de la vida;2016;Leido
Can You Just Die, My Darling?;5.00/10;https://otakuteca.com/images/books/cover/5e45695cc226e.jpg;Shounen;Drama, Sobrenatural, Horror, Romance, Vida Escolar;2015 - 2019;Leido
Death Note 3 Years Later;6.00/10;https://otakuteca.com/images/books/cover/5fb332694aaae.jpg;Shounen;Sobrenatural, Misterio;2007;Leido
Death Note Episode 0;8.00/10;https://otakuteca.com/images/books/cover/12009_TMOmanga035250.jpg;Shounen;Sobrenatural, Misterio;2006;Leido
Cómo Conquistar A Una Doble Novia;8.67/10;https://otakuteca.com/images/books/cover/61da1ceb4e78a.jpg;Shounen;Comedia, Romance, Vida Escolar;2021 - 2022;Leido
Fukushuu Kyoushitsu;8.67/10;https://otakuteca.com/images/books/cover/9676_TMOmanga095129.jpg;Seinen;Acción, Drama, Horror, Psicológico, Vida Escolar;2013 - 2016;Leido
Furareta Sono hi ni Kyoudai ni Narimashita;0.00/10;https://otakuteca.com/images/books/cover/5ccd9fe388cc1.jpg;Shoujo;Comedia, Drama, Romance, Vida Escolar;2016;Leido
Go-Toubun no Hanayome;7.79/10;https://otakuteca.com/images/books/cover/5ca040478ac6e.jpg;Shounen;Comedia, Harem, Romance, Vida Escolar, Recuentos de la vida, Drama;2017 - 2020;Leido
Gochuumon wa Usagi desu ka? - Luminocity 22 (Doujinshi);0.00/10;https://otakuteca.com/images/books/cover/5d32439bcde39.jpg;Shoujo;Comedia, Girls Love;;Leido
Hadi Girl;7.50/10;https://otakuteca.com/images/books/cover/5c36479e1f526.jpg;Seinen;Comedia, Recuentos de la vida, Romance, Vida Escolar;2011 - 2013;Leido
Haji-Otsu-;8.95/10;https://otakuteca.com/images/books/cover/8403_TMOmanga.jpg;Seinen;Comedia, Recuentos de la vida, Romance, Vida Escolar;2010;Leido
Hatsukoi Maze;9.60/10;https://otakuteca.com/images/books/cover/5fcb9144cd14d.jpg;Shoujo;Comedia, Drama, Romance, Vida Escolar;2020 - 2022;Leido
Hazuki Kanon is not sweet;8.71/10;https://otakuteca.com/images/books/cover/6355c854a68f6.jpg;Seinen;Comedia, Recuentos de la vida, Romance, Vida Escolar;2013 - 2016;Leido
Hibi Chouchou;9.50/10;https://otakuteca.com/images/books/cover/5c81c6079670f.jpg;Shoujo;Comedia, Romance, Vida Escolar, Recuentos de la vida;2012 - 2015;Leido
Himeno-chan ni Koi wa mada Hayai;8.60/10;https://otakuteca.com/images/books/cover/5f488fb47c622.jpg;Shounen;Comedia, Romance, Vida Escolar;2018 - 2021;Leido
Hoshoku-kei;0.00/10;https://otakuteca.com/images/books/cover/5dbcb27ee721a.jpg;Shounen;Comedia, Romance, Ciencia Ficción, Recuentos de la vida;2019;Leido
Me equivoqué;9.50/10;https://otakuteca.com/images/books/cover/5bdeaaec8ae86.jpg;Seinen;Crimen, Drama, Psicológico, Romance, Vida Escolar, Sobrenatural, Tragedia;2018;Leido
Ichijou Kaname to wa Kaka Waranai;9.18/10;https://otakuteca.com/images/books/cover/16880_TMOManga576839814c8d7.jpg;Shoujo;Romance, Vida Escolar, Fantasia;2016;Leido
Inu To Kuzu;8.27/10;https://otakuteca.com/images/books/cover/61441b12d5ff3.jpg;Seinen;Drama, Ecchi, Misterio, Romance, Psicológico, Thriller;2021 - 2022;Leido
Jitsu wa Watashi wa;9.67/10;https://otakuteca.com/images/books/cover/8068_TMOmanga164146.jpg;Shounen;Comedia, Fantasia, Sobrenatural, Romance, Vida Escolar, Recuentos de la vida;2013 - 2017;Leido
Kaguya-sama wa Kokurasetai: Tensai-tachi no Ren'ai Zunōsen;9.18/10;https://otakuteca.com/images/books/cover/5ec3178e58054.jpg;Seinen;Comedia, Psicológico, Romance, Vida Escolar, Drama, Recuentos de la vida;2015 - 2022;Leido
Kanojo wa Rokurokubi;8.25/10;https://otakuteca.com/images/books/cover/12304_TMOmanga151053.jpg;Shounen;Comedia, Sobrenatural, Vida Escolar, Drama, Romance;2015 - 2016;Leido
Kanpeki na Kanojo;0.00/10;https://otakuteca.com/images/books/cover/11517_TMOmanga005038.jpg;Seinen;Comedia, Romance, Vida Escolar;2008;Leido
Kimi ni Koisuru Satsujinki;6.86/10;https://otakuteca.com/images/books/cover/644de624427d7.jpg;Shounen;Drama, Psicológico, Romance, Gore;2020 - 2022;Leido
Kimi Wa Nani Mo Shiranai;6.00/10;https://otakuteca.com/images/books/cover/11502_TMOmanga104158.jpg;Shoujo;Comedia, Drama, Romance, Vida Escolar;2015;Leido
KimiKiss -Various Heroines-;8.98/10;https://otakuteca.com/images/books/cover/19233_TMOManga57c11a9217c7e.jpg;Shounen;Romance, Drama, Recuentos de la vida, Comedia, Ecchi;2016;Leido
Kishuku Gakkou no Juliet;8.71/10;https://otakuteca.com/images/books/cover/5c7afddc62d74.jpg;Shounen;Acción, Comedia, Romance, Vida Escolar, Ecchi, Harem, Recuentos de la vida;2015 - 2019;Leido
Kono Koi wa Fukami-kun no Plan ni wa Nai.;10.00/10;https://otakuteca.com/images/books/cover/5fa86d4b461de.jpg;Josei;Comedia, Romance, Vida Escolar;2019;Leido
Kumanishi Bijutsubu Rough Sketch Senpai;8.00/10;https://otakuteca.com/images/books/cover/5c8dbc0b4b7d8.jpg;Shounen;Comedia, Ecchi, Romance, Vida Escolar;2016 - 2018;Leido
Kuzumi-kun, can't you read the room;9.38/10;https://otakuteca.com/images/books/cover/6172d97b8cb42.jpg;Shounen;Comedia, Romance, Vida Escolar;2015;Leido
El Último Juego;8.67/10;https://otakuteca.com/images/books/cover/5c7b46941ff1a.jpg;Shoujo;Comedia, Drama, Romance;2011 - 2016;Leido
Lets Lagoon;9.09/10;https://otakuteca.com/images/books/cover/5c79d669cb550.jpg;Seinen;Drama, Ecchi, Sobrenatural, Misterio, Romance;2007 - 2018;Leido
Maga-Tsuki;8.00/10;https://otakuteca.com/images/books/cover/5e341fdec544a.jpg;Shounen;Comedia, Ecchi, Sobrenatural, Romance, Harem, Drama, Vida Escolar;2011 - 2017;Leido
Mahou Shoujo of the end;8.20/10;https://otakuteca.com/images/books/cover/5d9a5ca5e7561.jpg;Shounen;Sobrenatural, Horror, Fantasia, Gore, Tragedia, Ciencia Ficción;2012 - 2017;Leido
Fui Invocado por la Reina Demonio, pero no puedo entender lo que dice;7.50/10;https://otakuteca.com/images/books/cover/61fe0e8c46812.jpg;Shounen;Comedia, Demonios, Fantasia, Reencarnación, Romance;2019;Leido
Maou-sama to Kekkonshitai;9.00/10;https://otakuteca.com/images/books/cover/5b4abd189b499.jpg;Seinen;Comedia, Ecchi, Romance;2019;Leido
Maou-sama to Kekkonshitai;9.00/10;https://otakuteca.com/images/books/cover/6052d99490c07.jpg;Seinen;Comedia, Romance, Ecchi, Recuentos de la vida;2019 - 2021;Leido
Chico de mermelada pequeño;10.00/10;https://otakuteca.com/images/books/cover/6493bf368e8f1.jpg;Josei;Comedia, Romance, Vida Escolar, Recuentos de la vida, Familia, Niños;2013 - 2018;Leido
Masamune-kun no Revenge;7.00/10;https://otakuteca.com/images/books/cover/6212b7020037d.jpg;Shounen;Comedia, Romance, Harem, Vida Escolar, Drama, Psicológico, Recuentos de la vida;2012 - 2018;Leido
Midara na Ao-chan wa Benkyou ga Dekinai;8.50/10;https://otakuteca.com/images/books/cover/5de7e00a1570a.jpg;Shounen;Comedia, Ecchi, Romance, Vida Escolar;2015 - 2018;Leido
Mijuku na bokura;0.00/10;https://otakuteca.com/images/books/cover/5d3dfa99100df.jpg;Shoujo;Romance, Vida Escolar;2019;Leido
Nekota no Koto ga Kininatte Shikatanai;10.00/10;https://otakuteca.com/images/books/cover/15087_TMOmanga023252.jpg;Shoujo;Niños, Romance, Vida Escolar;2016;Leido
Not Lives;9.01/10;https://otakuteca.com/images/books/cover/13949_TMOmanga000330.jpg;Shounen;Acción, Comedia, Drama, Romance, Ciencia Ficción, Tragedia, Vida Escolar, Género Bender;2011;Leido
Ookami Shounen wa Kyou mo Uso wo Kasaneru;9.33/10;https://otakuteca.com/images/books/cover/5fcd3510e4c6e.jpg;Shounen;Comedia, Romance, Vida Escolar, Género Bender;2014 - 2017;Leido
Osananajimi ni Najimitai;8.00/10;https://otakuteca.com/images/books/cover/5e416b843be33.jpg;Seinen;Romance, Comedia, Recuentos de la vida;2018 - 2019;Leido
Pseudo Harem;9.00/10;https://otakuteca.com/images/books/cover/5ea7b47d8a055.jpg;Shounen;Comedia, Romance, Vida Escolar, Recuentos de la vida;2018 - 2021;Leido
ReLIFE;9.48/10;https://otakuteca.com/images/books/cover/5c92bdabacfab.jpg;Seinen;Comedia, Recuentos de la vida, Romance, Vida Escolar, Ciencia Ficción;2013 - 2018;Leido
Seishun Forget!;9.10/10;https://otakuteca.com/images/books/cover/8962_TMOmanga121945.jpg;Seinen;Comedia, Misterio, Romance, Vida Escolar;2011;Leido
Senaka Gurashi;8.90/10;https://otakuteca.com/images/books/cover/6350b29e59fa6.jpg;Seinen;Comedia, Recuentos de la vida, Romance;2010;Leido
Shingeki no Kyojin;8.13/10;https://otakuteca.com/images/books/cover/5d7098200b779.jpg;Shounen;Acción, Sobrenatural, Horror, Misterio, Tragedia, Apocalíptico, Superpoderes;2009 - 2021;Leido
Shinigami-Sama to 4-nin no Kanojo;6.50/10;https://otakuteca.com/images/books/cover/634db5568c80b.jpg;Shounen;Comedia, Ecchi, Fantasia, Romance, Harem, Vida Escolar;2013;Leido
Shinyuu no Mikami-kun;0.00/10;https://otakuteca.com/images/books/cover/5b3872f24735e.jpg;Shoujo;Romance, Vida Escolar;2013;Leido
Sore wa Totsuzen, Unmei no Aite ga;8.00/10;https://otakuteca.com/images/books/cover/604a87870caaa.jpg;Shounen;Comedia, Ecchi, Romance, Vida Escolar;2010 - 2012;Leido
Suki x Suki;6.50/10;https://otakuteca.com/images/books/cover/634f0098e133e.jpg;Shounen;Comedia, Romance, Vida Escolar, Sobrenatural;2016;Leido
Swap - Swap;9.12/10;https://otakuteca.com/images/books/cover/14114_TMOmanga105600.jpg;Shounen;Comedia, Sobrenatural, Vida Escolar, Girls Love;2014;Leido
Taisho Wotome Otogibanashi;10.00/10;https://otakuteca.com/images/books/cover/30644_TMOManga59b489ea60c88.jpg;Shounen;Drama, Historia, Romance, Recuentos de la vida, Comedia;2015 - 2017;Leido
The Breaker;10.00/10;https://otakuteca.com/images/books/cover/5c020475e4963.jpg;Shounen;Acción, Comedia, Drama, Sobrenatural, Vida Escolar, Artes Marciales;2007;Leido
The Breaker: New Waves;9.67/10;https://otakuteca.com/images/books/cover/5c02069b5e235.jpg;Shounen;Acción, Comedia, Drama, Ecchi, Romance, Vida Escolar, Artes Marciales;2010;Leido
Uramikoi, Koi, Uramikoi;9.16/10;https://otakuteca.com/images/books/cover/5d6534fd6443b.jpg;Shounen;Acción, Comedia, Drama, Sobrenatural, Romance, Crimen, Vida Escolar;2015 - 2020;Leido
Usotsuki Ouji to Nisemono Kanojo;8.77/10;https://otakuteca.com/images/books/cover/13393_TMOmanga183754.jpg;Shoujo;Comedia, Romance, Vida Escolar;2014;Leido
Wasureyuki;8.55/10;https://otakuteca.com/images/books/cover/11737_TMOmanga024047.jpg;Shoujo;Drama;2011;Leido
Watashi ni xx Shinasai!;5.00/10;https://otakuteca.com/images/books/cover/5e9e8381352e4.jpg;Shoujo;Comedia, Drama, Recuentos de la vida, Romance, Vida Escolar;2009 - 2015;Leido
Watashitachi wa Koi wo Shiranai;4.50/10;https://otakuteca.com/images/books/cover/5e176a2f23609.jpg;Seinen;Comedia, Romance, Vida Escolar;2018;Leido
Yochinouryoku Manga - Kuno Chiyo;9.50/10;https://otakuteca.com/images/books/cover/5f2dc29e09bcd.jpg;Seinen;Comedia, Romance, Vida Escolar, Recuentos de la vida, Superpoderes;2018;Leido
Yukuyuku Futari;9.09/10;https://otakuteca.com/images/books/cover/6102ec749e7b8.jpg;Shounen;Comedia, Romance, Vida Escolar;2016 - 2017;Leido
Bright and Cheery Amnesia;9.83/10;https://otakuteca.com/images/books/cover/5ffd293f73f8f.jpg;Josei;Comedia, Romance, Recuentos de la vida, Girls Love;2016;Pendiente
Asahina Wakaba to Marumaru na kareshi;8.92/10;https://otakuteca.com/images/books/cover/5de6cede5b61b.jpg;Seinen;Drama, Romance, Recuentos de la vida;2019;Pendiente
Naka no Hito Genome [Jikkyouchuu];7.67/10;https://otakuteca.com/images/books/cover/5d08f6af0d0f0.jpg;Shounen;Drama, Sobrenatural, Thriller, Comedia, Romance, Misterio;2014;Pendiente
Osananajimi no Mama ja Iya?;7.33/10;https://otakuteca.com/images/books/cover/5f06282c48906.jpg;Shounen;Comedia, Romance, Recuentos de la vida;2020;Pendiente
14-sai to Illustrator;8.64/10;https://otakuteca.com/images/books/cover/39549_TMOManga5b1312e606940.jpg;Shounen;Comedia, Ecchi, Recuentos de la vida, Romance;2018;Pendiente
Ao ashi;9.21/10;https://otakuteca.com/images/books/cover/63473039bf4c1.jpg;Seinen;Vida Escolar, Deporte;2015;Pendiente
Asagao to Kase-san;10.00/10;https://otakuteca.com/images/books/cover/5e3999c467603.jpg;Shoujo;Comedia, Recuentos de la vida, Romance, Deporte, Girls Love, Vida Escolar;2012;Pendiente
Billionaire Girl;8.81/10;https://otakuteca.com/images/books/cover/9056_TMOmanga113330.jpg;Seinen;Drama, Recuentos de la vida, Psicológico, Romance, Vida Escolar;2009;Pendiente
Boku no Hero Academia;7.15/10;https://otakuteca.com/images/books/cover/61b75e1112952.jpg;Shounen;Acción, Comedia, Vida Escolar, Superpoderes, Ciencia Ficción, Artes Marciales;2014;Pendiente
Boku to Kotori-chan;8.46/10;https://otakuteca.com/images/books/cover/12063_TMOmanga125007.jpg;Seinen;Comedia, Recuentos de la vida, Romance, Vida Escolar;2013;Pendiente
Boku wa hajikko ga suki;8.32/10;https://otakuteca.com/images/books/cover/5f00d33f29e96.jpg;Shounen;Comedia, Romance, Vida Escolar, Ecchi;2011;Pendiente
Bokura wa Minna Kawaisou;8.43/10;https://otakuteca.com/images/books/cover/5b7ccc88cd4f4.jpg;Seinen;Comedia, Recuentos de la vida, Romance, Vida Escolar, Drama;2010 - 2018;Pendiente
Bonnouji;9.21/10;https://otakuteca.com/images/books/cover/11656_TMOmanga130113.jpg;Seinen;Comedia, Drama, Recuentos de la vida, Romance;2008;Pendiente
Heroe Suicida de Clase SSS;8.86/10;https://otakuteca.com/images/books/cover/5fee1ccc8e689.jpg;Seinen;Acción, Comedia, Fantasia, Artes Marciales, Romance, Sobrenatural;2020;Pendiente
Mikakunin de Shinkoukei;9.50/10;https://otakuteca.com/images/books/cover/5e1975c346350.jpg;Seinen;Comedia, Recuentos de la vida, Fantasia, Sobrenatural, Romance, Vida Escolar;2009;Pendiente
Dame na Kanojo wa Amaetai;8.00/10;https://otakuteca.com/images/books/cover/5b556d0c81a99.jpg;Shounen;Comedia, Vida Escolar, Recuentos de la vida;2018 - 2019;Pendiente
Dead Mount Death Play;8.33/10;https://otakuteca.com/images/books/cover/63769fb3f36aa.jpg;Seinen;Reencarnación, Gore, Demonios, Magia, Supervivencia, Crimen;2017;Pendiente
Dead Tube;7.59/10;https://otakuteca.com/images/books/cover/5e1ce2d1865e2.jpg;Seinen;Ecchi, Horror, Misterio, Psicológico, Romance, Vida Escolar, Gore;2014;Pendiente
El Dios de la Escuela Secundaria;10.00/10;https://otakuteca.com/images/books/cover/5d3df9c5378b5.jpg;Shounen;Acción, Aventura, Comedia, Fantasia, Sobrenatural, Artes Marciales;2011;Pendiente
FFF-Class Trashero;7.86/10;https://otakuteca.com/images/books/cover/5dcc685c0d3a4.jpg;Shounen;Acción, Aventura, Demonios, Fantasia, Magia, Reencarnación, Harem;2019;Pendiente
From Nightmare to Love;10.00/10;https://otakuteca.com/images/books/cover/5b41760601814.jpg;Shoujo;Drama, Romance, Vida Escolar, Recuentos de la vida, Tragedia;2018;Pendiente
Fudatsuki no Kyoko-chan;8.75/10;https://otakuteca.com/images/books/cover/5b411e85517bd.jpg;Shounen;Comedia, Sobrenatural, Romance, Vida Escolar;2013 - 2016;Pendiente
Fujimura-kun Mates;9.14/10;https://otakuteca.com/images/books/cover/634d8dbba356b.jpg;Shounen;Comedia, Romance, Harem, Vida Escolar;2009;Pendiente
Futaba-san Chi no Kyoudai;0.00/10;https://otakuteca.com/images/books/cover/5c86d0569cf29.jpg;Seinen;Comedia, Ecchi, Romance, Vida Escolar, Recuentos de la vida;2017;Pendiente
Futari de Koi wo suru Riyuu;9.00/10;https://otakuteca.com/images/books/cover/5c34fb8428260.jpg;Shoujo;Romance, Vida Escolar;2018;Pendiente
Galge no Sekai yo, Youkoso!;5.00/10;https://otakuteca.com/images/books/cover/20799_TMOManga581cac6acc198.jpg;Shounen;Comedia, Drama, Ecchi, Harem, Romance, Vida Escolar;2011;Pendiente
Hajimari no Niina;9.21/10;https://otakuteca.com/images/books/cover/5e3812965aee9.jpg;Shoujo;Drama, Recuentos de la vida, Romance, Vida Escolar;2010;Pendiente
Hatsu Haru;8.00/10;https://otakuteca.com/images/books/cover/634dfc3ad29c4.jpg;Shoujo;Romance, Vida Escolar, Comedia;2014 - 2018;Pendiente
Henyoku no Labyrinth;9.80/10;https://otakuteca.com/images/books/cover/9204_TMOmanga.jpg;Shoujo;Sobrenatural, Romance, Vida Escolar;2014;Pendiente
Hitorimi Haduki-san to;8.79/10;https://otakuteca.com/images/books/cover/8404_TMOmanga.jpg;Shoujo;Comedia, Romance;2011;Pendiente
Iinazuke Kyoutei;8.87/10;https://otakuteca.com/images/books/cover/5e342f1d30e51.jpg;Seinen;Comedia, Ecchi, Romance, Harem, Vida Escolar;2012 - 2018;Pendiente
Kage no Jitsuryokusha ni Naritakute;6.00/10;https://otakuteca.com/images/books/cover/5c880a1fcb531.jpg;Seinen;Acción, Aventura, Fantasia, Harem, Reencarnación, Comedia, Demonios;;Pendiente
Karakai Jouzu no (Moto) Takagi-san;9.47/10;https://otakuteca.com/images/books/cover/5c7b0450287b7.jpg;Shounen;Comedia, Romance, Recuentos de la vida, Familia;2017;Pendiente
Kibishii Onna Joushi ga Koukousei ni Modottara Ore ni Dere Dere suru Riyuu;8.00/10;https://otakuteca.com/images/books/cover/63b202ddc7519.jpg;Seinen;Aventura, Comedia, Romance, Vida Escolar;2023;Pendiente
Kimi Dake ga Hontou;0.00/10;https://otakuteca.com/images/books/cover/6391f0520b2a5.jpg;Seinen;Ecchi, Vida Escolar, Drama, Psicológico, Tragedia, Boys Love, Romance;2022;Pendiente
Kimi no Iru Machi;7.80/10;https://otakuteca.com/images/books/cover/5b7dda56b528c.jpg;Shounen;Comedia, Drama, Recuentos de la vida, Ecchi, Romance, Harem, Vida Escolar;2008;Pendiente
Kin no Kanojo, Gin no Kanojo;9.00/10;https://otakuteca.com/images/books/cover/5cc89f37d4db7.jpg;Shounen;Comedia, Ecchi, Sobrenatural, Romance, Vida Escolar, Fantasia, Harem;2014 - 2018;Pendiente
Koi Neko;10.00/10;https://otakuteca.com/images/books/cover/6312be7a11cf4.jpg;Seinen;Comedia, Recuentos de la vida, Fantasia, Romance, Vida Escolar;2004 - 2012;Pendiente
Koko wo Isekai to Suru!;5.50/10;https://otakuteca.com/images/books/cover/5c01d523cf466.jpg;Shounen;Comedia, Romance, Vida Escolar, Recuentos de la vida;2018;Pendiente
Kore wa Ai de, Koi ja nai;10.00/10;https://otakuteca.com/images/books/cover/612fb1ae3e575.jpg;Shoujo;Comedia, Drama, Fantasia, Romance, Vida Escolar;2019;Pendiente
La Aventura de Fantasía de la Señorita Muñeca;0.00/10;https://otakuteca.com/images/books/cover/5c26e794a7c5d.jpg;Josei;Aventura, Drama, Fantasia, Género Bender, Girls Love;2015;Pendiente
La historia no es como yo lo pensaba;7.00/10;https://otakuteca.com/images/books/cover/5b793be69a48e.jpg;Seinen;Acción, Comedia, Fantasia, Gore, Romance, Vida Escolar;2018;Pendiente
Maou na Ore to Fushi-hime no Yubiwa;8.85/10;https://otakuteca.com/images/books/cover/5e3b7d1fdf8cb.jpg;Seinen;Acción, Aventura, Comedia, Ecchi, Fantasia, Romance, Ciencia Ficción, Harem;2012 - 2014;Pendiente
Misión Harem;0.00/10;https://otakuteca.com/images/books/cover/5e435da36f310.jpg;Shounen;Comedia, Ecchi, Harem, Romance, Vida Escolar, Recuentos de la vida;2018;Pendiente
Monku no Tsukeyou ga Nai Rabukome;9.02/10;https://otakuteca.com/images/books/cover/24358_TMOManga58db7f905d578.jpg;Seinen;Romance, Fantasia, Drama, Comedia, Recuentos de la vida;2014 - 2019;Pendiente
Monochrome Lovers;0.00/10;https://otakuteca.com/images/books/cover/5b7ccd996f423.jpg;Seinen;Drama, Romance, Vida Escolar, Recuentos de la vida;2018;Pendiente
Moto Saikyou no Kenshi wa, Isekai Mahou ni Akogareru;7.00/10;https://otakuteca.com/images/books/cover/6040cd936e2e9.jpg;Shounen;Acción, Aventura, Comedia, Fantasia, Harem, Reencarnación, Romance;2018;Pendiente
Mushi to Medama to Teddy Bear;8.69/10;https://otakuteca.com/images/books/cover/5fd82a13a6286.jpg;Seinen;Comedia, Drama, Sobrenatural, Horror, Misterio, Romance, Vida Escolar;2006 - 2009;Pendiente
29 TO JK;7.25/10;https://otakuteca.com/images/books/cover/33531_TMOManga5a27ab0ec7ac3.jpg;Seinen;Comedia, Romance, Ecchi, Harem, Recuentos de la vida, Drama;2017 - 2020;Pendiente
Ore no Kanojo to Osananajimi ga Shuraba Sugiru + H;8.48/10;https://otakuteca.com/images/books/cover/25120_TMOManga58f9a9a457de7.jpg;Seinen;Ecchi, Comedia, Harem, Romance, Vida Escolar;2011;Pendiente
Orenchi no Maid-san;8.56/10;https://otakuteca.com/images/books/cover/5def1814c4c7e.jpg;Seinen;Comedia, Recuentos de la vida, Romance, Vida Escolar;2015;Pendiente
Otome Danshi ni Koisuru Otome;10.00/10;https://otakuteca.com/images/books/cover/5c158db42e9d7.jpg;Shoujo;Comedia, Género Bender, Romance;2017;Pendiente
Ouji-sama Nante Iranai;10.00/10;https://otakuteca.com/images/books/cover/5de5f53e1120b.jpg;Josei;Girls Love, Vida Escolar;2016;Pendiente
Pandora Hearts;9.15/10;https://otakuteca.com/images/books/cover/6350b7f7e2a01.jpg;Shounen;Comedia, Drama, Fantasia, Sobrenatural, Misterio, Romance, Gore;2006 - 2015;Pendiente
Romantica Clock;9.01/10;https://otakuteca.com/images/books/cover/8205_TMOmanga175759.jpg;Shoujo;Comedia, Drama, Recuentos de la vida, Romance, Vida Escolar;2012 - 2016;Pendiente
Sayuri-san no Imouto wa Tenshi;9.00/10;https://otakuteca.com/images/books/cover/5f0e4edfcec2e.jpg;Seinen;Girls Love, Comedia, Drama, Romance, Recuentos de la vida;2014;Pendiente
Seifuku Aventure;9.09/10;https://otakuteca.com/images/books/cover/9247_TMOmanga085436.jpg;Seinen;Comedia, Romance, Vida Escolar;2013;Pendiente
Seishun Buta Yarou wa Bunny Girl Senpai no Yume wo Minai;10.00/10;https://otakuteca.com/images/books/cover/61cb225cdc725.jpg;Seinen;Comedia, Drama, Romance, Recuentos de la vida, Sobrenatural;2015 - 2018;Pendiente
Senryu Shoujo;9.60/10;https://otakuteca.com/images/books/cover/5d19bd13844cc.jpg;Shounen;Comedia, Romance, Realidad, Drama, Harem, Vida Escolar;2016 - 2020;Pendiente
Sewayaki Kitsune no Senko-san;9.00/10;https://otakuteca.com/images/books/cover/6212ad7b3b3c5.jpg;Seinen;Comedia, Drama, Fantasia, Romance, Recuentos de la vida, Sobrenatural;2017;Pendiente
Shinizokonai Agape;0.00/10;https://otakuteca.com/images/books/cover/5b4bcc51891db.jpg;Shoujo;Drama, Género Bender, Romance;2017;Pendiente
Santa Cecilia y el Padre Lawrence;9.67/10;https://otakuteca.com/images/books/cover/639bb2312c7f4.jpg;Shounen;Comedia, Fantasia, Romance, Recuentos de la vida;2017;Pendiente
Shishunki Bitter Change;9.50/10;https://otakuteca.com/images/books/cover/5b914fff84770.jpg;Shoujo;Comedia, Drama, Recuentos de la vida, Psicológico, Vida Escolar, Género Bender, Romance;2012;Pendiente
Shurabara!;8.63/10;https://otakuteca.com/images/books/cover/8710_TMOmanga083731.jpg;Seinen;Comedia, Ecchi, Romance, Harem, Vida Escolar;2012;Pendiente
Soredemo Sekai wa Utsukushii;9.00/10;https://otakuteca.com/images/books/cover/5d4294a656a36.jpg;Shoujo;Aventura, Comedia, Drama, Fantasia, Romance;2012;Pendiente
Taiyou no Ie;9.00/10;https://otakuteca.com/images/books/cover/634cddd89d779.jpg;Shoujo;Comedia, Drama, Recuentos de la vida, Romance, Vida Escolar;2010;Pendiente
The Vanisher King and his 12 Starlight Maidens;9.13/10;https://otakuteca.com/images/books/cover/5c8bf23f0d356.jpg;Shounen;Acción, Drama, Comedia, Harem, Ecchi, Romance, Sobrenatural;2015 - 2018;Pendiente
This love is illegal;0.00/10;https://otakuteca.com/images/books/cover/5b860c1086e3a.jpg;Seinen;Drama, Romance, Recuentos de la vida, Tragedia, Ciencia Ficción;2017;Pendiente
Tonari no Kashiwagi-san;6.80/10;https://otakuteca.com/images/books/cover/10787_TMOManga583dfecec8dce.jpg;Seinen;Comedia, Romance, Vida Escolar;2010 - 2016;Pendiente
Tsuki ga Kirei Desu ne;8.99/10;https://otakuteca.com/images/books/cover/638888c066257.jpg;Shoujo;Fantasia, Romance, Girls Love, Recuentos de la vida;2015;Pendiente
Tsuredure Children;9.00/10;https://otakuteca.com/images/books/cover/634cf46d7282c.jpg;Shounen;Comedia, Romance, Vida Escolar;2012 - 2018;Pendiente
Uq Holder;8.86/10;https://otakuteca.com/images/books/cover/5e283e1726909.jpg;Shounen;Acción, Aventura, Comedia, Ecchi, Fantasia, Ciencia Ficción, Harem;2013 - 2022;Pendiente
Watashi no Yuri wa Oshigoto desu!;9.13/10;https://otakuteca.com/images/books/cover/604142da89ffa.jpg;Shoujo;Comedia, Girls Love, Vida Escolar, Recuentos de la vida;;Pendiente
Yakushoku Distpiari - Gesellshaft Blume;2.00/10;https://otakuteca.com/images/books/cover/5dba09f3b1851.jpg;Seinen;Acción, Aventura, Comedia, Fantasia, Sobrenatural, Psicológico, Tragedia;2014;Pendiente
Yofukashi no Uta;9.53/10;https://otakuteca.com/images/books/cover/5f03be8f9b407.jpg;Shounen;Romance, Recuentos de la vida, Sobrenatural, Vampiros, Comedia, Psicológico, Drama;2019;Pendiente
Yomeiro Choice;10.00/10;https://otakuteca.com/images/books/cover/9190_TMOmanga.jpg;Shounen;Comedia, Sobrenatural, Romance, Harem, Vida Escolar;2007;Pendiente
Yuizaki-san wa Nageru!;4.00/10;https://otakuteca.com/images/books/cover/5e39b16ccef45.jpg;Seinen;Comedia, Romance, Vida Escolar, Ecchi, Recuentos de la vida, Deporte;2016 - 2017;Pendiente
Yumizuka Iroha wa Tejun ga Daiji!;0.00/10;https://otakuteca.com/images/books/cover/614c0aad84a6b.jpg;Shounen;Comedia, Romance, Vida Escolar, Deporte;2017 - 2018;Pendiente
Yuusha ga Shinda! Murabito no Ore ga Hotta Otoshiana ni Yuusha ga Ochita Kekka;8.40/10;https://otakuteca.com/images/books/cover/5f1318d1d3c49.jpg;Shounen;Acción, Aventura, Comedia, Ecchi, Fantasia, Harem, Romance;2014 - 2020;Pendiente
¡Sobrescribiendo mi solitaria vida!;8.11/10;https://otakuteca.com/images/books/cover/62f556b9240b6.jpg;Seinen;Comedia, Magia, Reencarnación, Romance, Vida Escolar, Recuentos de la vida;;Siguiendo
Oshi No Ko;9.20/10;https://otakuteca.com/images/books/cover/5efe4afd1d0c5.jpg;Seinen;Drama, Psicológico, Romance, Reencarnación, Familia, Misterio, Recuentos de la vida;2020;Siguiendo
Las Siete Bellas Durmientes;0.00/10;https://otakuteca.com/images/books/cover/642386451ff0f.jpg;Seinen;Comedia, Fantasia, Harem, Romance;2023;Siguiendo
Adachi To Shimamura (Moke ver.);7.00/10;https://otakuteca.com/images/books/cover/60ef905f6947d.jpg;Shoujo;Girls Love, Romance, Vida Escolar;2019;Siguiendo
Aitsu no Kanojo;6.63/10;https://otakuteca.com/images/books/cover/64d47fa4bd6e6.jpg;Seinen;Comedia, Ecchi, Vida Escolar, Drama, Romance;2022;Siguiendo
Akuyaku Ouji wa Koi ga Dekinai;6.00/10;https://otakuteca.com/images/books/cover/62d88ae0a6df9.jpg;Shounen;Comedia, Romance, Vida Escolar;2017 - 2018;Siguiendo
The Villainess Noble Girl Wants to Slim Down Her Husband;9.00/10;https://otakuteca.com/images/books/cover/5c9061b105fba.jpg;Shoujo;Drama, Fantasia, Romance, Recuentos de la vida;;Siguiendo
Ao no Orchestra;10.00/10;https://otakuteca.com/images/books/cover/622d3e96a50d4.jpg;Shounen;Drama, Romance, Vida Escolar, Recuentos de la vida, Comedia, Musica;2017;Siguiendo
Assassin's Pride;8.56/10;https://otakuteca.com/images/books/cover/607de16b3ddf2.jpg;Seinen;Acción, Aventura, Comedia, Ecchi, Fantasia, Harem, Artes Marciales, Misterio, Romance;2017;Siguiendo
Aunque sea en una sola cosa... ¡Lo superaré!;0.00/10;https://otakuteca.com/images/books/cover/5c87f6f7bf7c7.jpg;Shounen;Comedia, Drama, Familia, Romance, Vida Escolar;2019;Siguiendo
Bandai Kaname wa Asobitai;8.00/10;https://otakuteca.com/images/books/cover/5b79da6d8f941.jpg;Shounen;Comedia, Romance, Vida Escolar, Ecchi;2017;Siguiendo
Ittsumo Shio Taiou na Osananajimi da kedo, Ore ni Kataomoi Shiteiru no ga Bare Bare de Kawaii;8.00/10;https://otakuteca.com/images/books/cover/61d08056318d8.jpg;Shounen;Comedia, Romance, Recuentos de la vida;2021;Siguiendo
Tonari no Seki no Satou-san;10.00/10;https://otakuteca.com/images/books/cover/5efd0c9c4a102.jpg;Seinen;Romance, Vida Escolar, Recuentos de la vida;2019 - 2020;Siguiendo
Save & Load no Dekiru Yadoya-San;10.00/10;https://otakuteca.com/images/books/cover/5e349eba44cbf.jpg;Shounen;Acción, Aventura, Comedia, Fantasia, Harem;2018;Siguiendo
The Swordsman Called the Countless Swords Sorcerer;9.40/10;https://otakuteca.com/images/books/cover/6106f8ce7174c.jpg;Shounen;Acción, Aventura, Niños, Tragedia, Fantasia, Magia, Drama;2019;Siguiendo
Black Clover;8.05/10;https://otakuteca.com/images/books/cover/64c00b2373118.jpg;Shounen;Acción, Comedia, Fantasia, Magia, Aventura, Romance, Superpoderes;2015;Siguiendo
Black Kanojo;6.00/10;https://otakuteca.com/images/books/cover/5e35d05f6e419.jpg;Seinen;Comedia, Drama, Ecchi, Gore, Romance, Vida Escolar, Harem;2015 - 2017;Siguiendo
Blue Lock;8.32/10;https://otakuteca.com/images/books/cover/5d07c1d52967b.jpg;Shounen;Deporte, Acción, Drama, Psicológico, Supervivencia;2018;Siguiendo
"""Ella vino a la fuerza hacia a mí""";8.80/10;https://otakuteca.com/images/books/cover/61ccc9c49d3e8.jpg;Seinen;Comedia, Romance, Recuentos de la vida;2021;Siguiendo
Bokutachi wa Benkyou ga Dekinai;8.47/10;https://otakuteca.com/images/books/cover/5cabf0bda739f.jpg;Shounen;Comedia, Romance, Vida Escolar, Harem, Drama, Recuentos de la vida;2017 - 2021;Siguiendo
Buta Koushaku ni Tensei Shitakara, Kondo wa Kimi ni Suki to Iitai;7.50/10;https://otakuteca.com/images/books/cover/6052dd1ba7431.jpg;Shounen;Aventura, Comedia, Fantasia, Romance, Vida Escolar, Recuentos de la vida;2017;Siguiendo
Chainsaw Man;8.88/10;https://otakuteca.com/images/books/cover/5cca10a79a95e.jpg;Shounen;Acción, Horror, Sobrenatural, Demonios, Comedia, Fantasia, Romance;2018;Siguiendo
CHEAT KUSUSHI NO SLOW LIFE: ISEKAI NI TSUKUROU DRUGSTORE;9.67/10;https://otakuteca.com/images/books/cover/614f06776a39b.jpg;Shounen;Aventura, Comedia, Fantasia, Reencarnación;2018;Siguiendo
Chikotan- Kowareru;9.09/10;https://otakuteca.com/images/books/cover/12934_TMOmanga035540.jpg;Seinen;Comedia, Romance, Ecchi, Harem, Vida Escolar, Sobrenatural, Misterio;2015 - 2016;Siguiendo
ChinChin KemoKemo;0.00/10;https://otakuteca.com/images/books/cover/5ce32cd170a13.jpg;Seinen;Acción, Comedia, Demonios, Ecchi, Fantasia, Romance;2019;Siguiendo
Chocolate Vampire;9.00/10;https://otakuteca.com/images/books/cover/5d1b53328b06e.jpg;Shoujo;Vida Escolar, Romance, Vampiros, Harem, Comedia, Drama;2016;Siguiendo
Chuusotsu Worker kara Hajimeru Koukou Seikatsu Roudousha;8.00/10;https://otakuteca.com/images/books/cover/15313_TMOManga57056e0a477ab.jpg;Seinen;Romance, Vida Escolar, Recuentos de la vida, Drama;2011;Siguiendo
Cinderella wa Sagasanai.;8.00/10;https://otakuteca.com/images/books/cover/5fe90eb445f1f.jpg;Seinen;Comedia, Drama, Romance, Vida Escolar;2020;Siguiendo
Dachi no imouto;10.00/10;https://otakuteca.com/images/books/cover/5f3daf9f79648.jpg;Josei;Comedia, Romance, Vida Escolar;2020;Siguiendo
Darwin's Game;9.29/10;https://otakuteca.com/images/books/cover/648002c8d5640.jpg;Shounen;Acción, Ecchi, Misterio, Psicológico, Ciencia Ficción, Drama, Romance;2012;Siguiendo
Dokuzakura;6.67/10;https://otakuteca.com/images/books/cover/5d520342c8e45.jpg;Seinen;Ecchi, Misterio, Psicológico, Romance, Sobrenatural, Thriller, Harem;2019 - 2020;Siguiendo
Domestic na Kanojo;6.18/10;https://otakuteca.com/images/books/cover/5c6629d99f9e7.jpg;Shounen;Drama, Romance, Vida Escolar, Ecchi, Harem;2014;Siguiendo
Doubt!;9.01/10;https://otakuteca.com/images/books/cover/9272_TMOmanga084430.jpg;Shounen;Comedia, Recuentos de la vida, Ecchi, Romance, Harem, Vida Escolar;2012;Siguiendo
Doukyuusei ni Koi o Shita;2.00/10;https://otakuteca.com/images/books/cover/20363_TMOManga57f161d34d0d2.jpg;Shoujo;Romance, Comedia, Vida Escolar;2016;Siguiendo
Dr. Stone;8.85/10;https://otakuteca.com/images/books/cover/5d924d4309b18.jpg;Shounen;Acción, Aventura, Apocalíptico, Comedia, Supervivencia, Misterio, Ciencia Ficción;2017 - 2022;Siguiendo
Eien Ni Korosare Tsuzukeru Natsu;0.00/10;https://otakuteca.com/images/books/cover/5cfd3254380a1.jpg;Seinen;Horror, Vida Escolar;2019;Siguiendo
Eiyuu Kyoushitsu - Reboot;8.00/10;https://otakuteca.com/images/books/cover/5dfea4fff29d4.jpg;Shounen;Acción, Comedia, Fantasia, Vida Escolar, Ecchi, Harem;2016;Siguiendo
En no Shita no Chikara Mocher: Maou Toubatsu shitara Wakagaetta node, Gakuen de Kage kara Support shimasu;7.00/10;https://otakuteca.com/images/books/cover/621d022556b6c.jpg;Seinen;Comedia, Fantasia, Magia, Romance, Vida Escolar;2022;Siguiendo
Futago, Futagokoro.;5.00/10;https://otakuteca.com/images/books/cover/5f71388652f7f.jpg;Seinen;Drama, Romance, Vida Escolar;2018;Siguiendo
Fuufu Ijou, Koibito Miman.;8.86/10;https://otakuteca.com/images/books/cover/63ba3533878dd.jpg;Seinen;Comedia, Drama, Ecchi, Romance, Vida Escolar, Recuentos de la vida;2018;Siguiendo
Garden Sphere;9.07/10;https://otakuteca.com/images/books/cover/5f6bde465b86f.jpg;Shounen;Romance, Comedia, Fantasia, Aventura, Vida Escolar;2017;Siguiendo
Girigiri Out;5.00/10;https://otakuteca.com/images/books/cover/61df64c472071.jpg;Shounen;Comedia, Ecchi, Romance, Vida Escolar, Harem;2012 - 2018;Siguiendo
Mis primeras veces con Suwa-san;7.50/10;https://otakuteca.com/images/books/cover/643adaf3c24c6.jpg;Seinen;Comedia, Romance;2020;Siguiendo
Hanazono-san Chi no Futago-chan;7.60/10;https://otakuteca.com/images/books/cover/609d81e979046.jpg;Shounen;Comedia, Romance, Vida Escolar, Recuentos de la vida, Drama, Harem;2020 - 2021;Siguiendo
Happy Sugar Life;7.00/10;https://otakuteca.com/images/books/cover/14067_TMOmanga113316.jpg;Seinen;Drama, Horror, Misterio, Psicológico, Girls Love;2015;Siguiendo
Hello World;0.00/10;https://otakuteca.com/images/books/cover/5e3f25b9d2658.jpg;Seinen;Drama, Romance, Vida Escolar, Ciencia Ficción, Sobrenatural;2019 - 2020;Siguiendo
Hensokukei Quadrangle;9.06/10;https://otakuteca.com/images/books/cover/14316_TMOmanga010919.jpg;Shounen;Comedia, Romance, Vida Escolar;2015;Siguiendo
Hige Wo Soru. Soshite Joshikosei Wo Hirou;6.39/10;https://otakuteca.com/images/books/cover/5ecec044774df.jpg;Seinen;Comedia, Drama, Romance, Recuentos de la vida, Telenovela;2018;Siguiendo
Himari no Mawari;0.00/10;https://otakuteca.com/images/books/cover/5d0463185e42b.jpg;Seinen;Comedia, Familia, Romance, Vida Escolar, Recuentos de la vida;2018 - 2020;Siguiendo
Hinako’s My Wife?!;8.00/10;https://otakuteca.com/images/books/cover/5c389e3508209.jpg;Shoujo;Romance, Sobrenatural;2018;Siguiendo
Hinomoto 3-shimai wa Kamatte Hoshii;8.80/10;https://otakuteca.com/images/books/cover/5e0ce8c7e230b.jpg;Seinen;Comedia, Ecchi, Harem, Romance, Recuentos de la vida;2016 - 2018;Siguiendo
Hokenshitsu no Kageyama-kun;6.00/10;https://otakuteca.com/images/books/cover/5d4064f93f26b.jpg;Shoujo;Comedia, Romance, Vida Escolar, Sobrenatural, Vampiros;2017;Siguiendo
Horimiya;7.89/10;https://otakuteca.com/images/books/cover/615de1631925f.jpg;Shounen;Comedia, Recuentos de la vida, Romance, Vida Escolar;2011 - 2021;Siguiendo
Hoshino, Me o Tsubutte;8.89/10;https://otakuteca.com/images/books/cover/5e1e86776fa29.jpg;Shounen;Comedia, Recuentos de la vida, Romance, Vida Escolar, Drama, Harem;2016 - 2018;Siguiendo
The After School Idol Has a Secret;0.00/10;https://otakuteca.com/images/books/cover/648d6c1131507.jpg;Shounen;Musica, Realidad, Romance, Vida Escolar;2022;Siguiendo
Houkago wa Kissaten de;9.09/10;https://otakuteca.com/images/books/cover/35314_TMOManga5a715e1d1eab6.jpg;Shoujo;Romance, Vida Escolar, Comedia, Drama;2017;Siguiendo
I Want To Drink Your Tears;9.00/10;https://otakuteca.com/images/books/cover/5f28427101b28.jpg;Shounen;Comedia, Romance, Vida Escolar, Recuentos de la vida;2020;Siguiendo
Otome Game no Mobu desura naindaga;9.29/10;https://otakuteca.com/images/books/cover/62943be8222a3.jpg;Shounen;Comedia, Fantasia, Reencarnación, Romance, Recuentos de la vida;2021;Siguiendo
Ichijou-san, se te nota en la cara;10.00/10;https://otakuteca.com/images/books/cover/625b4fc43fcd9.jpg;Seinen;Comedia, Romance, Vida Escolar, Sobrenatural, Vampiros;2021;Siguiendo
Ijousha no Ai;6.11/10;https://otakuteca.com/images/books/cover/5ea88207b19cf.jpg;Shounen;Horror, Psicológico, Romance, Tragedia, Gore, Drama;2017 - 2018;Siguiendo
Iris Zero;9.24/10;https://otakuteca.com/images/books/cover/5f1c8ff032132.jpg;Seinen;Comedia, Drama, Fantasia, Sobrenatural, Misterio, Romance, Vida Escolar;2009;Siguiendo
Jaku-Chara Tomozaki-kun;10.00/10;https://otakuteca.com/images/books/cover/34023_TMOManga5a3f6f29836d1.jpg;Shounen;Drama, Harem, Romance, Recuentos de la vida, Comedia;2017;Siguiendo
Jibaku Shounen Hanako-kun;9.23/10;https://otakuteca.com/images/books/cover/61609dae0e751.jpg;Shounen;Acción, Aventura, Drama, Romance, Vida Escolar, Recuentos de la vida, Sobrenatural;2014;Siguiendo
Jingi Naki Mukotori;10.00/10;https://otakuteca.com/images/books/cover/5f98769931b33.jpg;Shoujo;Comedia, Drama, Romance, Vida Escolar;2020;Siguiendo
Jubunnoichi no Hanayome;5.50/10;https://otakuteca.com/images/books/cover/605d33de2a1b4.jpg;Seinen;Drama, Ecchi, Harem, Familia, Telenovela, Recuentos de la vida;2019;Siguiendo
Kaifuku Jutsushi no Yarinaoshi;6.88/10;https://otakuteca.com/images/books/cover/61018c6d9c438.jpg;Seinen;Aventura, Harem, Gore, Ecchi, Reencarnación, Acción, Tragedia;2017;Siguiendo
Kakushigoto - Secrets;0.00/10;https://otakuteca.com/images/books/cover/5b5b33dac4e59.jpg;Seinen;Drama, Vida Escolar, Recuentos de la vida, Sobrenatural;2018;Siguiendo
Kanan-sama Might be Easy;8.92/10;https://otakuteca.com/images/books/cover/629634d78ab1c.jpg;Shounen;Comedia, Demonios, Fantasia, Romance, Recuentos de la vida;2022;Siguiendo
Kanojo ga Flag wo Oraretara;8.92/10;https://otakuteca.com/images/books/cover/5d08acaf04364.jpg;Shounen;Comedia, Recuentos de la vida, Ecchi, Sobrenatural, Romance, Harem, Vida Escolar;2011 - 2015;Siguiendo
Kanojo, Okarishimasu;3.93/10;https://otakuteca.com/images/books/cover/606cda6f538c7.jpg;Shounen;Comedia, Ecchi, Romance, Vida Escolar, Drama;2017;Siguiendo
Kawaii dake ja Nai Shikimori-san;7.35/10;https://otakuteca.com/images/books/cover/5ce7220a590d8.jpg;Shounen;Romance, Vida Escolar, Comedia, Recuentos de la vida;2019 - 2023;Siguiendo
Mechanical Marie;0.00/10;https://otakuteca.com/images/books/cover/606bbd6a6ff56.jpg;Shoujo;Acción, Comedia, Drama, Romance, Recuentos de la vida;2020;Siguiendo
Guardianes de la Noche;8.26/10;https://otakuteca.com/images/books/cover/6347011a463ea.jpg;Shounen;Acción, Demonios, Sobrenatural, Aventura, Fantasia, Tragedia, Historia;2016 - 2020;Siguiendo
I Want to Do Bad Things with You;6.33/10;https://otakuteca.com/images/books/cover/635a26e8569a0.jpg;Shounen;Acción, Comedia, Romance, Vida Escolar;2022;Siguiendo
Amor, clarividencia e inexperiencia;8.50/10;https://otakuteca.com/images/books/cover/62f0b7ed8039b.jpg;Shounen;Comedia, Romance, Vida Escolar;2021;Siguiendo
Koi to Utatane;9.00/10;https://otakuteca.com/images/books/cover/5f8ee38f1a90b.jpg;Shounen;Recuentos de la vida, Romance, Vida Escolar;2017;Siguiendo
Koi wa iikara nemuritai!;7.67/10;https://otakuteca.com/images/books/cover/6094b4ee24c15.jpg;Shounen;Comedia, Ecchi, Romance, Vida Escolar, Harem;2020;Siguiendo
Love After World Domination;8.80/10;https://otakuteca.com/images/books/cover/625072312d9d9.jpg;Shounen;Acción, Aventura, Comedia, Romance, Ciencia Ficción, Sobrenatural;2019 - 2022;Siguiendo
Kokoro Kimi-iro Sakurairo;8.62/10;https://otakuteca.com/images/books/cover/5ff89752bb128.jpg;Shoujo;Romance;2016;Siguiendo
Konna Watashi ni Kitaishinai de;6.67/10;https://otakuteca.com/images/books/cover/5f470be28a5e6.jpg;Seinen;Comedia, Ecchi, Vida Escolar;2020 - 2022;Siguiendo
Kono Gomi o Nanto Yobu;4.00/10;https://otakuteca.com/images/books/cover/62943efead8b4.jpg;Seinen;Comedia, Drama, Psicológico, Romance, Vida Escolar;2020;Siguiendo
Kono Sekai wa Tsuite iru;9.00/10;https://otakuteca.com/images/books/cover/5c9112c76d44b.jpg;Seinen;Comedia, Demonios, Fantasia, Vampiros, Romance;2018;Siguiendo
Kubo-san wa Boku (Mobu) wo Yurusanai;8.38/10;https://otakuteca.com/images/books/cover/5ef13f8de9087.jpg;Shounen;Comedia, Romance, Vida Escolar, Recuentos de la vida;2019 - 2023;Siguiendo
Class no Daikirai na Joshi to Kekkon Suru Koto ni Natta.;9.80/10;https://otakuteca.com/images/books/cover/61cc613677555.jpg;Shounen;Comedia, Romance, Vida Escolar, Recuentos de la vida;2021;Siguiendo
Kuroiwa Medaka Ni Watashi No Kawaii Ga Tsuujinai;8.42/10;https://otakuteca.com/images/books/cover/60f71edeeb668.jpg;Shounen;Comedia, Ecchi, Romance, Vida Escolar, Recuentos de la vida;2021;Siguiendo
The Black Cat and the Witch Classroom;7.00/10;https://otakuteca.com/images/books/cover/632dba2a2b30a.jpg;Shounen;Comedia, Fantasia, Romance, Vida Escolar, Recuentos de la vida, Sobrenatural;2021;Siguiendo
Kusunoki-san wa Koukou Debut ni Shippaishiteiru;10.00/10;https://otakuteca.com/images/books/cover/644bfa214f7f2.jpg;Shounen;Comedia, Romance, Vida Escolar, Recuentos de la vida;2022;Siguiendo
Kyou kara Ore wa Loli no Himo!;7.75/10;https://otakuteca.com/images/books/cover/5ea0e6633e2aa.jpg;Seinen;Comedia, Ecchi, Harem, Romance, Recuentos de la vida;2018;Siguiendo
La Vida Después de la Muerte;8.89/10;https://otakuteca.com/images/books/cover/5ddde8a92558c.jpg;Shounen;Acción, Aventura, Comedia, Drama, Magia, Reencarnación, Superpoderes;2018;Siguiendo
Viviendo En Este Mundo Con Cortar Y Pegar;0.00/10;https://otakuteca.com/images/books/cover/5b96be485dd63.jpg;Seinen;Acción, Aventura, Ecchi, Fantasia, Harem, Romance, Recuentos de la vida;2016;Siguiendo
Lo siento mucho Ojou Sama, pero a mí me gusta la sirvienta;7.50/10;https://otakuteca.com/images/books/cover/63a102143f18b.jpg;Shounen;Comedia, Drama, Romance;2022;Siguiendo
Mairimashita! Iruma-kun;9.36/10;https://otakuteca.com/images/books/cover/60dccc7dbac27.jpg;Shounen;Comedia, Fantasia, Sobrenatural, Demonios, Magia, Vida Escolar, Romance;2017;Siguiendo
Mamahaha no tsurego ga moto kanodatta;7.00/10;https://otakuteca.com/images/books/cover/5ccd0bf3b5c18.jpg;Shounen;Comedia, Romance, Vida Escolar;2019;Siguiendo
Soy el Rey Demonio. Me volví a casar con la madre de una heroína, así que ella se convirtió en mi hijastra;9.00/10;https://otakuteca.com/images/books/cover/5c6f76c965ddd.jpg;Seinen;Acción, Comedia, Fantasia, Magia, Romance;2019;Siguiendo
Mi esposa es demasiado perfecta, así que ¿puedo molestarla?;10.00/10;https://otakuteca.com/images/books/cover/641c2974d91fa.jpg;Shounen;Comedia, Romance, Recuentos de la vida, Ecchi;2021;Siguiendo
Boku no Heya ga Dungeon no Kyuukeijo ni Natteshimatta Ken;6.40/10;https://otakuteca.com/images/books/cover/635a4cfcaaa2e.jpg;Seinen;Aventura, Comedia, Romance, Ecchi, Harem, Fantasia, Recuentos de la vida;2017;Siguiendo
Mission: Yozakura Family;7.83/10;https://otakuteca.com/images/books/cover/6154c99c9be62.jpg;Shounen;Acción, Comedia, Romance, Crimen, Drama, Vida Escolar;2019;Siguiendo
Mizuki-senpai es una adivinadora de amor;8.50/10;https://otakuteca.com/images/books/cover/63a74bf3609d8.jpg;Seinen;Comedia, Romance, Vida Escolar, Recuentos de la vida;2020;Siguiendo
Mofu O Neesan No Atatame-kata;10.00/10;https://otakuteca.com/images/books/cover/5cef2e24c8d57.jpg;Seinen;Comedia, Romance, Recuentos de la vida;2019;Siguiendo
Mother of Learning;8.88/10;https://otakuteca.com/images/books/cover/35386_TMOManga5a728f7fe1e0d.jpg;Shounen;Acción, Aventura, Ciencia Ficción, Supervivencia, Fantasia, Magia, Misterio, Recuentos de la vida, Sobrenatural, Thriller, Vida Escolar;2011;Siguiendo
Munou na Nana;6.44/10;https://otakuteca.com/images/books/cover/619043314ff3c.jpg;Shounen;Psicológico, Sobrenatural, Vida Escolar, Drama, Horror;2016;Siguiendo
Musunde Hiraite;9.05/10;https://otakuteca.com/images/books/cover/14682_TMOmanga033414.jpg;Shounen;Comedia, Romance, Vida Escolar;2009;Siguiendo
My girlfriend is a Dragon;10.00/10;https://otakuteca.com/images/books/cover/5c6a101d96d81.jpg;Shounen;Comedia, Fantasia, Magia, Romance, Vida Escolar, Harem;2018;Siguiendo
Nega-kun to Posi-chan;8.20/10;https://otakuteca.com/images/books/cover/5f8de7846a83d.jpg;Shounen;Comedia, Romance, Vida Escolar;2019;Siguiendo
New Normal;10.00/10;https://otakuteca.com/images/books/cover/6025152849790.jpg;Seinen;Comedia, Romance, Recuentos de la vida, Drama;2020;Siguiendo
Ochikazuki ni Naritai Manga;10.00/10;https://otakuteca.com/images/books/cover/5e08138614a67.jpg;Shounen;Comedia, Romance, Vida Escolar;2019;Siguiendo
Oku-sama wa Niizuma-chan;8.50/10;https://otakuteca.com/images/books/cover/64ee25aec44ec.jpg;Seinen;Comedia, Romance, Recuentos de la vida;2019;Siguiendo
Okyu no Trinity;8.65/10;https://otakuteca.com/images/books/cover/62f04fb99b590.jpg;Shounen;Fantasia, Romance, Comedia;2017 - 2020;Siguiendo
OMOI GA OMOI OMOI-SAN;8.50/10;https://otakuteca.com/images/books/cover/61fe42d65703d.jpg;Shounen;Comedia, Romance, Vida Escolar;2019;Siguiendo
One Punch-Man;9.14/10;https://otakuteca.com/images/books/cover/5bc7cc1d2cf73.jpg;Seinen;Acción, Comedia, Ciencia Ficción, Artes Marciales, Parodia, Superpoderes;2012;Siguiendo
Oni Futatsu;9.06/10;https://otakuteca.com/images/books/cover/5ce5fc02621a6.jpg;Shounen;Acción, Comedia, Fantasia, Romance, Vida Escolar, Sobrenatural;2017;Siguiendo
Oni-san no Tokorohe Mairimashita;8.50/10;https://otakuteca.com/images/books/cover/5c4c98b58201a.jpg;Shoujo;Comedia, Fantasia, Romance, Recuentos de la vida;2018 - 2019;Siguiendo
Onizuka-chan to Sawarida-kun;8.75/10;https://otakuteca.com/images/books/cover/5f18c1ce473b9.jpg;Shounen;Comedia, Romance, Vida Escolar, Recuentos de la vida, Sobrenatural;2019;Siguiendo
Ore dake Haireru Kakushi Dungeon: Kossori Kitaete Sekai Saikyou;5.75/10;https://otakuteca.com/images/books/cover/5b74de6f8fec0.jpg;Shounen;Acción, Aventura, Fantasia, Harem, Romance, Comedia, Ecchi;2018;Siguiendo
Ore wo Suki Nano wa Omae Dake ka yo;6.53/10;https://otakuteca.com/images/books/cover/25002_TMOManga58f54c08891c9.jpg;Shounen;Drama, Romance, Vida Escolar, Comedia, Ecchi, Harem, Recuentos de la vida;2017;Siguiendo
¿Puedo aceptar tu propuesta de todos esos años?;8.00/10;https://otakuteca.com/images/books/cover/5bc569cb317af.jpg;Shounen;Comedia, Romance, Recuentos de la vida;2018;Siguiendo
Osananajimi ga Zettai ni Makenai Love Comedy;4.83/10;https://otakuteca.com/images/books/cover/60270b380ec74.jpg;Shounen;Comedia, Drama, Romance, Harem, Vida Escolar;2019;Siguiendo
Otaku ni Otoku na Gal Gurashi;10.00/10;https://otakuteca.com/images/books/cover/63e469bcbd5ab.jpg;Shounen;Comedia, Drama, Realidad, Romance, Vida Escolar, Recuentos de la vida;2021;Siguiendo
Otome Kaijuu Caramelize;9.67/10;https://otakuteca.com/images/books/cover/5b767735d6480.jpg;Shoujo;Comedia, Romance, Vida Escolar, Sobrenatural;2018;Siguiendo
Owari no Seraph;7.40/10;https://otakuteca.com/images/books/cover/6271c2399753b.jpg;Shounen;Acción, Sobrenatural, Aventura, Ciencia Ficción, Vampiros, Romance, Superpoderes;2012;Siguiendo
Pashiri na Boku to Koisuru Banchou-san;9.00/10;https://otakuteca.com/images/books/cover/61b386f1dbfbe.jpg;Shounen;Comedia, Vida Escolar, Recuentos de la vida, Romance, Drama, Realidad;2017 - 2021;Siguiendo
Player;8.00/10;https://otakuteca.com/images/books/cover/5f95ec683ee9f.jpg;Seinen;Acción, Aventura, Fantasia, Psicológico, Realidad, Reencarnación, Superpoderes;;Siguiendo
The Story Between a Dumb Prefect and a High School Girl with an Inappropriate Skirt Length;8.50/10;https://otakuteca.com/images/books/cover/6164202f663cb.jpg;Shounen;Comedia, Romance, Vida Escolar;2019;Siguiendo
Promised Orchid;9.50/10;https://otakuteca.com/images/books/cover/5e57c88696aa2.jpg;Seinen;Acción, Aventura, Demonios, Drama, Fantasia, Gore, Horror;2019 - 2021;Siguiendo
Pure Love ✕ Insult Complex;0.00/10;https://otakuteca.com/images/books/cover/5b2c4c7daa244.jpg;Seinen;Acción, Comedia, Harem, Artes Marciales, Psicológico, Romance, Tragedia;2011;Siguiendo
R15+ Ja Dame Desuka?;9.00/10;https://otakuteca.com/images/books/cover/62a5deeaac404.jpg;Seinen;Comedia, Romance, Vida Escolar, Recuentos de la vida;2022;Siguiendo
Re-Friendzone;10.00/10;https://otakuteca.com/images/books/cover/5b58ba8837740.jpg;Shounen;Comedia, Romance, Fantasia, Drama, Tragedia, Acción, Reencarnación;2017 - 2019;Siguiendo
Saliendo Con Una Chica Gamer;8.50/10;https://otakuteca.com/images/books/cover/6052cca389846.jpg;Seinen;Comedia, Romance, Recuentos de la vida;2018;Siguiendo
Shuumatsu no Valkyrie;9.19/10;https://otakuteca.com/images/books/cover/64737aec24c7e.jpg;Seinen;Acción, Historia, Artes Marciales, Samurái, Sobrenatural, Superpoderes, Tragedia;2017;Siguiendo
Release that witch;9.00/10;https://otakuteca.com/images/books/cover/633f6849ef27d.jpg;Seinen;Acción, Aventura, Fantasia, Harem, Reencarnación, Comedia, Magia;2018;Siguiendo
Retort Pouch!;8.70/10;https://otakuteca.com/images/books/cover/5e3861eec652c.jpg;Seinen;Comedia, Ecchi, Romance, Harem, Vida Escolar;2014 - 2018;Siguiendo
Rokujo Hito x ma (PIXIV);7.50/10;https://otakuteca.com/images/books/cover/5bfc6c683e136.jpg;Seinen;Demonios, Drama, Ecchi, Fantasia, Romance, Comedia;2018;Siguiendo
Sachiiro no one room;10.00/10;https://otakuteca.com/images/books/cover/30900_TMOManga59c1811e5e4ff.jpg;Shounen;Drama, Romance, Recuentos de la vida;2016;Siguiendo
Saeki-san wa Nemutteru;9.00/10;https://otakuteca.com/images/books/cover/5de7ddfcae6ac.jpg;Shounen;Comedia, Romance, Vida Escolar;2018 - 2020;Siguiendo
Saijo no Osewa: Takane no Hana-darake na Meimonkou de, Gakuin Ichi no Ojou-sama (Seikatsu Nouryoku Kaimu) wo Kagenagara Osewasuru Koto ni Narimashita;9.00/10;https://otakuteca.com/images/books/cover/60e1e7bfe095f.jpg;Shounen;Comedia, Romance, Vida Escolar, Recuentos de la vida, Harem;2021;Siguiendo
Sakura-chan to Amane-kun;8.98/10;https://otakuteca.com/images/books/cover/38494_TMOManga5ad75e2586c08.jpg;Shoujo;Género Bender, Vida Escolar, Romance;2018;Siguiendo
Sakurai-San Wa Kizuite Hoshii;7.56/10;https://otakuteca.com/images/books/cover/6186f4ffb2c72.jpg;Shounen;Comedia, Romance, Vida Escolar;2019;Siguiendo
"Seibetsu ""Mona Lisa"" no Kimi he.";9.06/10;https://otakuteca.com/images/books/cover/5c721d1ef1f63.jpg;Shounen;Drama, Recuentos de la vida, Romance, Vida Escolar, Psicológico;2018;Siguiendo
Sensei wa koi o oshie rarenai;9.77/10;https://otakuteca.com/images/books/cover/5fa6cfdb4b10d.jpg;Shounen;Romance, Vida Escolar, Comedia, Recuentos de la vida;2018;Siguiendo
Sensei, Kongetsu Dou Desu ka;8.00/10;https://otakuteca.com/images/books/cover/62db63f05bfe7.jpg;Seinen;Drama, Romance, Recuentos de la vida, Sobrenatural;2020;Siguiendo
Drawing While Masturbating;8.00/10;https://otakuteca.com/images/books/cover/5cc8a0ebc0ff3.jpg;Seinen;Comedia, Ecchi, Romance, Drama, Harem, Recuentos de la vida;2018;Siguiendo
Shindere Shoujo to Kodoku na Shinigami;9.12/10;https://otakuteca.com/images/books/cover/5f1296d0e8dfd.jpg;Shounen;Comedia, Recuentos de la vida, Sobrenatural, Misterio, Psicológico, Romance;2011;Siguiendo
Shinigami Bocchan to Kuro Maid;9.38/10;https://otakuteca.com/images/books/cover/5c17d4223ecb7.jpg;Seinen;Romance, Comedia, Sobrenatural, Drama, Ecchi, Tragedia;2017;Siguiendo
Shiunji-ke no Kodomotachi;7.40/10;https://otakuteca.com/images/books/cover/6213dd1d981f4.jpg;Shounen;Comedia, Romance, Vida Escolar, Drama, Recuentos de la vida;2022;Siguiendo
Siscon Ani to Brocon Imouto ga Shoujiki ni Nattara;7.50/10;https://otakuteca.com/images/books/cover/5b368af459e3c.jpg;Seinen;Romance, Comedia, Vida Escolar, Drama, Recuentos de la vida;2017 - 2020;Siguiendo
Solo Leveling;9.11/10;https://otakuteca.com/images/books/cover/5c2efcd42cd5e.jpg;Shounen;Acción, Sobrenatural, Comedia, Magia, Reencarnación, Apocalíptico, Romance;2017;Siguiendo
Sotodura Danshi no Shimizu-kun;0.00/10;https://otakuteca.com/images/books/cover/629fc5192f161.jpg;Shoujo;Comedia, Romance, Vida Escolar;2021;Siguiendo
Bunretsu Lover;0.00/10;https://otakuteca.com/images/books/cover/5ec2d2c9af43f.jpg;Shounen;Comedia, Ecchi, Harem, Romance, Vida Escolar, Sobrenatural;2018;Siguiendo
SPY X FAMILY;9.21/10;https://otakuteca.com/images/books/cover/5cbe51e196611.jpg;Shounen;Acción, Comedia, Familia, Romance, Drama, Recuentos de la vida;2019;Siguiendo
Stalkers;0.00/10;https://otakuteca.com/images/books/cover/5c16d87859340.jpg;Shounen;Comedia, Romance;2018;Siguiendo
Sukinako ga Megane wo wasureta;9.75/10;https://otakuteca.com/images/books/cover/61bc736fea076.jpg;Shounen;Comedia, Vida Escolar, Romance, Recuentos de la vida;2018;Siguiendo
Takane no hana nara ochitekoi!!;9.08/10;https://otakuteca.com/images/books/cover/638beb66e64dc.jpg;Shounen;Comedia, Recuentos de la vida, Romance, Vida Escolar, Drama;2015 - 2019;Siguiendo
The Maid Who Can't Hide Her Feelings;0.00/10;https://otakuteca.com/images/books/cover/5d7d332261d56.jpg;Shounen;Comedia, Romance;2019;Siguiendo
Tobakushi wa Inoranai;0.00/10;https://otakuteca.com/images/books/cover/5ba7ec77a9183.jpg;Seinen;Drama, Historia, Realidad, Romance, Tragedia;2018;Siguiendo
Tokyo Revengers;7.10/10;https://otakuteca.com/images/books/cover/64234208ee646.jpg;Shounen;Acción, Drama, Romance, Vida Escolar, Misterio, Sobrenatural, Tragedia;2017 - 2022;Siguiendo
Tonari no Baka to Tsudzuku Uso;8.00/10;https://otakuteca.com/images/books/cover/5d7468dc2c51a.jpg;Shoujo;Comedia, Ecchi, Romance, Vida Escolar, Recuentos de la vida;2019;Siguiendo
Tonikaku Kawaii;8.44/10;https://otakuteca.com/images/books/cover/614fa8c82fce9.jpg;Shounen;Comedia, Romance, Recuentos de la vida, Familia, Historia, Misterio, Ciencia Ficción;2018;Siguiendo
Torture Tournament;0.00/10;https://otakuteca.com/images/books/cover/5b4eee33430bb.jpg;Seinen;Acción, Gore, Horror;2017;Siguiendo
Tsuki no Oki ni Mesu mama;0.00/10;https://otakuteca.com/images/books/cover/5e888db25554f.jpg;Shoujo;Romance, Vida Escolar, Recuentos de la vida;2020;Siguiendo
Tsurenai Kanojo no Hitorijime;10.00/10;https://otakuteca.com/images/books/cover/62598365e6bda.jpg;Josei;Drama, Romance, Recuentos de la vida;2021;Siguiendo
uchi no hentai maid;9.50/10;https://otakuteca.com/images/books/cover/5ccbae854c2d6.jpg;Shounen;Comedia, Ecchi, Romance, Recuentos de la vida, Harem;2018;Siguiendo
A Cute Girlfriend.;7.77/10;https://otakuteca.com/images/books/cover/63b2b1bfc6e55.jpg;Shounen;Romance, Recuentos de la vida, Crimen, Drama, Misterio, Psicológico;2022;Siguiendo
Ura de Yancha-na Gouinda-san;0.00/10;https://otakuteca.com/images/books/cover/641a8f9196d89.jpg;Shounen;Comedia, Ecchi, Romance, Vida Escolar;2023;Siguiendo
Urami-san wa Kyou mo Ayaui;5.50/10;https://otakuteca.com/images/books/cover/37361_TMOManga5ab4447536622.jpg;Shounen;Romance, Comedia, Vida Escolar, Recuentos de la vida;2017;Siguiendo
Vinland Saga;9.00/10;https://otakuteca.com/images/books/cover/9715_TMOmanga162946.jpg;Seinen;Acción, Aventura, Drama, Historia, Gore, Psicológico, Tragedia;2005;Siguiendo
Watari-kun no xx ga Houkai Sunzen;9.00/10;https://otakuteca.com/images/books/cover/5f2f922b901dd.jpg;Seinen;Comedia, Recuentos de la vida, Ecchi, Romance, Harem, Vida Escolar;2014;Siguiendo
Watashi no Shounen;9.04/10;https://otakuteca.com/images/books/cover/6312aee97cd85.jpg;Seinen;Psicológico, Romance, Recuentos de la vida, Drama;2015 - 2020;Siguiendo
The Promised Neverland;8.69/10;https://otakuteca.com/images/books/cover/5ba2a0852dc2e.jpg;Shounen;Demonios, Ciencia Ficción, Misterio, Horror, Acción, Psicológico, Drama;2016 - 2020;Siguiendo
Yamada-kun to Lv999 no Koi wo Suru;9.09/10;https://otakuteca.com/images/books/cover/633e296518275.jpg;Shoujo;Drama, Romance, Comedia;2019;Siguiendo
Yuujin-chara no Ore ga Motemakuru Wakenaidarou?;9.00/10;https://otakuteca.com/images/books/cover/5d39bbfb34136.jpg;Shounen;Comedia, Harem, Romance, Vida Escolar;2019;Siguiendo
Binetsu Kuukan;8.67/10;https://otakuteca.com/images/books/cover/5cbe070127d11.jpg;Josei;Comedia, Romance;2014;Favorito
Boku no Kokoro no Yabai Yatsu;8.77/10;https://otakuteca.com/images/books/cover/60f4daf40dc87.jpg;Shounen;Recuentos de la vida, Vida Escolar, Comedia, Romance;2018;Favorito
Hiiragi-san Chi no Kyuuketsu Jijou;7.00/10;https://otakuteca.com/images/books/cover/6410227a103cd.jpg;Shounen;Comedia, Familia, Romance, Vampiros;2021;Favorito
Grand Blue;8.81/10;https://otakuteca.com/images/books/cover/6190474616ca1.jpg;Seinen;Ecchi, Romance, Vida Escolar, Recuentos de la vida, Deporte, Comedia;2014;Favorito
Isshiki-san wa Koi wo Shiritai;9.25/10;https://otakuteca.com/images/books/cover/647e97b0bcab9.jpg;Shounen;Comedia, Historia, Romance, Recuentos de la vida;2020;Favorito
Kanojo mo Kanojo;8.98/10;https://otakuteca.com/images/books/cover/6134315b6229b.jpg;Shounen;Comedia, Romance, Vida Escolar, Harem, Drama, Recuentos de la vida;2020 - 2023;Favorito
Karakai Jouzu no Takagi-san;9.05/10;https://otakuteca.com/images/books/cover/5b36505db2687.jpg;Shounen;Comedia, Romance, Vida Escolar, Recuentos de la vida;2012;Favorito
Mikadono Sanshimai wa Angai, Choroi;8.20/10;https://otakuteca.com/images/books/cover/6357091469fb6.jpg;Shounen;Comedia, Harem, Romance;2021;Favorito
Oroka na Tenshi wa Akuma to Odoru;9.25/10;https://otakuteca.com/images/books/cover/5ed9156c7b184.jpg;Seinen;Acción, Comedia, Vida Escolar, Romance, Demonios, Drama, Magia;2016;Favorito
Re:Zero Kara Hajimeru Isekai Seikatsu;10.00/10;https://otakuteca.com/images/books/cover/64f77458977c7.jpg;Seinen;Drama, Fantasia, Gore, Tragedia, Misterio, Psicológico, Supervivencia;2012;Favorito
Reincarne;0.00/10;https://otakuteca.com/images/books/cover/61876f811b5de.jpg;Shounen;Comedia, Ecchi, Género Bender, Harem, Reencarnación, Romance;2021;Favorito
Soredemo Ayumu wa Yosetekuru;9.50/10;https://otakuteca.com/images/books/cover/609ebaa9d1385.jpg;Shounen;Comedia, Romance, Vida Escolar, Recuentos de la vida;2019;Favorito
Temple;10.00/10;https://otakuteca.com/images/books/cover/5e710b46500cd.jpg;Shounen;Comedia, Ecchi, Harem, Romance, Recuentos de la vida;2018;Favorito
The Breaker: Eternal Force;10.00/10;https://otakuteca.com/images/books/cover/6274088103fc4.jpg;Shounen;Acción, Aventura, Drama, Artes Marciales, Comedia, Romance, Vida Escolar;2022;Favorito
I Favour the Villainess;10.00/10;https://otakuteca.com/images/books/cover/5d5498e42b9ea.jpg;Shoujo;Comedia, Drama, Fantasia, Romance, Vida Escolar, Girls Love;;Abandonado
